转债代码,转债名称,bond_py,转债价格,increase_rt,stock_id,stock_nm,stock_py,sprice,sincrease_rt,pb,convert_price,convert_value,convert_begin,转股溢价率,dblow,sw_cd,market_cd,btype,list_dt,t_flag,owned,hold,bond_value,rating_cd,option_value,put_convert_price,force_redeem_price,convert_amt_ratio,fund_rt,maturity_dt,year_left,curr_iss_amt,volume,svolume,turnover_rt,到期收益率,put_ytm_rt,noted,last_time,qstatus,sqflag,pb_flag,adj_cnt,adj_scnt,convert_price_valid,convert_price_tips,convert_cd_tip,ref_yield_info,adjusted,orig_iss_amt,price_tips,redeem_dt,real_force_redeem_price,option_tip,after_next_put_dt,icons,is_min_price,blocked,putting,force_redeem_price_tip,notes,volatility_rate,双低值
127117,奥士转债,aszz,100.0,0.0,002913,奥士康,ask,92.3,1.34,6.66,83.96,109.93,178,-9.04,90.96,270202,szmb,C,,[],0,0,buy,AA,,58.772,109.148,3.5,buy,2032-09-22,5.984,10.0,0.0,144420.94,0.0,2.16,,0,,00,Y,N,0,0,Y,,未到转股期；2027-03-30 开始转股,计算使用6.0年期 评级为AA 债参考YTM：1.9691,N,10.0,待上市,,,,0,{'M': ''},0,0,N,,,buy,90.96000000000001
123287,满坤转债,mkzz,100.0,0.0,301132,满坤科技,mkkj,66.62,-6.72,5.48,66.97,99.48,188,0.53,100.53,270202,szcy,C,,[],0,0,buy,AA-,,46.879,87.061,12.0,buy,2032-09-27,5.997,7.6,0.0,81186.11,0.0,2.19,,0,,00,Y,N,0,0,Y,,未到转股期；2027-04-09 开始转股,计算使用6.0年期 评级为AA- 债参考YTM：2.7091,N,7.6,待上市,,,,0,{'M': ''},0,0,N,,,buy,100.53
118027,宏图转债,htzz,101.547,2.2,688066,*ST航图,htht,8.8,3.53,-1.96,8.68,101.38,0,0.16,101.71,710301,shkc,C,2022-12-22,[],0,0,buy,CC,,6.076,11.284,22.0,buy,2028-11-28,2.164,5.924,113234.26,8370.75,185.66,7.8,,0,15:00:00,00,Y,N,4,4,Y,转股价下修4次，成功下修4次,2023-06-02 开始转股,计算使用2.2年期 评级为CC 债参考YTM：58.2058,N,10.088,全价：101.547 最后更新：15:00:00,,,,0,[],0,0,N,,,buy,101.707
127116,瑞鹄转02,rhz02,100.0,0.0,002997,瑞鹄模具,rhmj,26.39,2.68,2.08,29.18,90.44,171,10.57,110.57,280205,szmb,C,,[],0,0,buy,AA,,20.426,37.934,12.4,buy,2032-09-16,5.967,6.86,0.0,6530.71,0.0,1.86,,0,,00,Y,N,0,0,Y,,未到转股期；2027-03-23 开始转股,计算使用6.0年期 评级为AA 债参考YTM：1.9691,N,6.86,待上市,,,,0,{'M': ''},0,0,N,,,buy,110.57
123286,国科转债,gkzz,100.0,0.0,301571,国科天成,gktc,67.1,-1.84,5.68,74.5,90.07,178,11.03,111.03,650501,szcy,C,,[],0,0,buy,AA-,,52.15,96.85,10.6,buy,2032-09-22,5.984,8.49,0.0,21807.44,0.0,2.2,,0,,00,Y,N,0,0,Y,,未到转股期；2027-03-30 开始转股,计算使用6.0年期 评级为AA- 债参考YTM：2.7091,N,8.49,待上市,,,,0,{'M': ''},0,0,N,,,buy,111.03
113605,大参转债,dszz,110.897,0.4,603233,大参林,dsl,18.2,2.08,2.68,16.86,107.95,0,2.73,113.63,370403,shmb,C,2020-11-13,[],0,0,buy,AA,,11.802,21.918,6.8,buy,2026-10-22,0.06,14.041,10714.27,10758.88,6.88,-14.07,,0,14:59:57,00,Y,N,1,1,Y,转股价下修1次，成功下修1次,2021-04-28 开始转股,计算使用0.1年期 评级为AA 债参考YTM：1.4751,N,14.05,全价：110.897 最后更新：14:59:57,,,,1,"{'R': '到期\n最后交易日：2026-10-16\n最后转股日：2026-10-21\n债券到期日：2026-10-22\n到期赎回价：110.000元/张', 'M': ''}",0,0,N,,,buy,113.62700000000001
113046,金田转债,jtzz,114.731,3.19,601609,金田股份,jtgf,11.72,3.53,1.96,10.18,115.13,0,-0.34,114.39,240302,shmb,C,2021-04-12,[],0,0,buy,AA+,,7.126,13.234,6.0,buy,2027-03-22,0.474,12.072,72881.72,54954.23,52.47,-8.7,,0,14:59:58,00,Y,N,0,0,Y,,2021-09-27 开始转股,已公告要强赎，如不考虑强赎纯债价值为109.23元，计算使用0.5年期 评级为AA+ 债参考YTM：1.5024,N,15.0,全价：114.731 最后更新：14:59:58,,,如不考虑强赎期权价值为23.96元,1,"{'O': '', 'M': ''}",0,0,N,,,buy,114.39099999999999
110081,闻泰转债,wtzz,101.389,0.32,600745,*ST闻泰,wtkj,16.43,-0.48,0.86,18.36,89.49,0,13.3,114.69,270102,shmb,C,2021-08-20,[],0,0,buy,BBB-,,12.852,23.868,33.0,buy,2027-07-28,0.825,71.5,5884.31,21367.17,0.81,7.93,,0,14:59:59,00,Y,N,3,3,Y,转股价下修3次，成功下修3次,2022-02-07 开始转股,计算使用0.9年期 评级为BB 债参考YTM：23.8729,N,86.0,全价：101.389 最后更新：14:59:59,,,,1,[],0,0,N,,,buy,114.689
127061,美锦转债,mjzz,107.999,0.62,000723,美锦能源,mjny,3.51,1.15,1.24,3.47,101.15,0,6.77,114.77,740201,szmb,C,2022-05-30,[],0,0,buy,A,,2.429,4.511,18.0,buy,2028-04-20,1.556,27.74,3674.62,9399.63,1.23,7.41,,0,15:34:45,00,Y,N,2,2,Y,转股价下修2次，成功下修2次,2022-10-26 开始转股,计算使用1.6年期 评级为A 债参考YTM：6.5583,N,35.9,全价：107.999 最后更新：15:34:45,,,,1,{'M': ''},0,0,N,,,buy,114.76899999999999
113043,财通转债,ctzz,109.336,0.06,601108,财通证券,ctzq,8.15,-0.24,0.96,7.98,102.13,0,7.06,116.4,490101,shmb,C,2020-12-28,[],0,0,buy,AAA,,,10.374,10.0,buy,2026-12-10,0.195,37.992,11819.73,19428.99,2.85,-15.91,,0,14:59:56,00,Y,Y,1,1,Y,转股价下修1次，成功下修1次,2021-06-16 开始转股,计算使用0.2年期 评级为AAA 债参考YTM：1.4454,N,38.0,全价：109.336 最后更新：14:59:56,,,,0,{'M': ''},0,0,N,,,buy,116.396
113042,上银转债,syzz,117.472,0.95,601229,上海银行,shyh,9.75,2.09,0.52,8.35,116.77,0,0.6,118.07,480401,shmb,C,2021-02-10,[],0,0,buy,AAA,,,10.855,13.8,buy,2027-01-25,0.321,192.16,30526.23,55991.84,1.36,-14.53,,0,14:59:57,00,Y,Y,0,0,Y,,2021-07-29 开始转股,计算使用0.4年期 评级为AAA 债参考YTM：1.4678,N,200.0,全价：117.472 最后更新：14:59:57,,,,0,{'M': ''},0,0,N,,,buy,118.07199999999999
110076,华海转债,hhzz,110.591,-0.38,600521,华海药业,hhyy,16.34,2.19,2.5,16.5,99.03,0,11.67,122.26,370102,shmb,C,2020-11-25,[],0,0,buy,AA,,11.55,21.45,7.5,buy,2026-11-02,0.09,18.424,6428.3,34648.93,3.15,-5.91,,0,14:59:45,00,Y,N,1,1,Y,转股价下修1次，成功下修1次,2021-05-06 开始转股,计算使用0.1年期 评级为AA 债参考YTM：1.4751,N,18.426,全价：110.591 最后更新：14:59:45,,,,1,"{'R': '到期\n最后交易日：2026-10-27\n最后转股日：2026-10-30\n债券到期日：2026-11-02\n到期赎回价：110.000元/张', 'M': ''}",0,0,N,,,buy,122.261
113610,灵康转债,lkzz,121.211,1.24,603669,灵康药业,lkyy,6.33,5.32,7.03,5.5,115.09,0,5.32,126.53,370102,shmb,C,2020-12-22,[],0,0,buy,A-,,3.85,7.15,5.6,buy,2026-12-01,0.17,2.528,4728.44,22232.68,15.47,-30.67,,0,14:59:54,00,Y,N,3,3,Y,转股价下修3次，成功下修3次,2021-06-07 开始转股,计算使用0.2年期 评级为A- 债参考YTM：8.6623,N,5.25,全价：121.211 最后更新：14:59:54,,,,1,[],0,0,N,,,buy,126.531
127040,国泰转债,gtzz,115.712,1.63,002091,江苏国泰,jsgt,7.57,1.47,0.76,7.35,102.99,0,12.35,128.06,450201,szmb,C,2021-08-10,[],0,0,buy,AA+,,5.145,9.555,32.9,buy,2027-07-07,0.767,39.862,8299.04,6415.52,1.8,-8.72,,0,15:33:54,00,Y,N,0,0,Y,,2022-01-13 开始转股,计算使用0.8年期 评级为AA+ 债参考YTM：1.5104,N,45.574,全价：115.712 最后更新：15:33:54,,,,1,{'M': ''},0,0,N,,,buy,128.062
113056,重银转债,cyzz,125.331,1.05,601963,重庆银行,cqyh,11.2,2.1,0.6,9.22,121.48,0,3.17,128.5,480401,shmb,C,2022-04-14,[],0,0,buy,AAA,,,11.986,50.8,buy,2028-03-23,1.48,115.622,22293.57,11130.08,1.54,-7.15,,0,14:59:58,00,Y,N,0,0,Y,,2022-09-30 开始转股,计算使用1.5年期 评级为AAA 债参考YTM：1.5239,N,130.0,全价：125.331 最后更新：14:59:58,,,,0,{'M': ''},0,0,N,,,buy,128.501
123091,长海转债,chzz,124.2,-2.39,300196,长海股份,chgf,17.14,-2.67,1.45,14.79,115.89,0,7.17,131.37,610202,szcy,C,2021-01-15,[],0,0,buy,AA,,10.353,19.227,12.9,buy,2026-12-23,0.23,5.459,15098.7,16131.1,22.03,-46.74,,0,15:33:54,00,Y,N,0,0,Y,,2021-06-29 开始转股,计算使用0.3年期 评级为AA 债参考YTM：1.4781,N,5.5,全价：124.200 最后更新：15:33:54,,,,1,[],0,0,N,,,buy,131.37
127047,帝欧转债,dozz,130.999,0.15,002798,帝欧水华,dosh,6.58,-0.15,1.89,5.1,129.02,0,1.53,132.53,360306,szmb,C,2021-11-26,[],0,0,buy,BBB+,,3.57,6.63,13.6,buy,2027-10-25,1.069,4.643,5036.6,5239.01,8.29,-10.18,,0,15:34:45,00,Y,N,1,1,Y,转股价下修1次，成功下修1次,2022-04-29 开始转股,计算使用1.1年期 评级为BBB+ 债参考YTM：11.8769,N,15.0,全价：130.999 最后更新：15:34:45,,,,1,[],0,0,N,,,buy,132.529
113062,常银转债,cyzz,126.797,0.57,601128,常熟银行,csyh,6.26,1.62,0.68,5.25,119.24,0,6.34,133.14,480501,shmb,C,2022-10-17,[],0,0,buy,AAA,,,6.825,26.3,buy,2028-09-15,1.962,59.994,9588.22,29014.21,1.26,-7.78,,0,14:59:56,00,Y,N,0,0,Y,,2023-03-21 开始转股,计算使用2.0年期 评级为AAA 债参考YTM：1.5737,N,60.0,全价：126.797 最后更新：14:59:56,,,,0,{'M': ''},0,0,N,,,buy,133.137
111000,起帆转债,qfzz,131.663,0.17,605222,起帆电缆,qfdl,22.11,1.47,1.86,17.29,127.88,0,2.96,134.62,630805,shmb,C,2021-06-17,[],0,0,buy,AA-,,12.103,22.477,10.9,buy,2027-05-24,0.647,9.991,15087.07,8840.9,11.38,-19.57,,0,14:59:59,00,Y,N,1,1,Y,转股价下修1次，成功下修1次,2021-11-29 开始转股,计算使用0.7年期 评级为AA- 债参考YTM：1.6952,N,10.0,全价：131.663 最后更新：14:59:59,,,,1,{'G': '本次（2026年3月13日至2026年4月20日）不提前赎回，以2026年10月21日为首个交易日重新起算'},0,0,N,,,buy,134.62300000000002
132026,G三峡EB2,gsxeb2,136.61,0.2,600900,长江电力,cjdl,28.54,0.56,3.23,21.2,134.62,0,1.5,138.11,410102,shmb,E,2022-06-08,[],0,0,buy,AAA,,14.84,27.56,1.4,buy,2027-06-01,0.669,94.986,9968.67,193918.77,0.77,-31.36,,0,14:55:33,00,Y,N,0,0,Y,,2023-06-02 开始转股,计算使用0.7年期 评级为AAA 债参考YTM：1.4889,N,100.0,全价：136.643 最后更新：14:55:33,,,,1,"{'G': '若在2026年11月1日再次决定是否行使的提前赎回权利', 'Q2': '', 'M': ''}",0,0,N,,,buy,138.11
113631,皖天转债,wtzz,131.1,0.86,603689,皖天然气,wtrq,7.72,0.65,1.08,6.51,118.59,0,10.55,141.65,410301,shmb,C,2021-12-10,[],0,0,buy,AA+,,4.557,8.463,14.7,buy,2027-11-08,1.107,5.958,3534.88,2442.98,4.53,-13.57,,0,14:59:30,00,Y,N,0,0,Y,,2022-05-12 开始转股,计算使用1.2年期 评级为AA+ 债参考YTM：1.5186,N,9.3,全价：131.100 最后更新：14:59:30,,,,1,[],0,0,N,,,buy,141.65
111015,东亚转债,dyzz,133.001,-0.1,605177,东亚药业,dyyy,24.26,-2.26,1.63,20.28,119.63,0,11.18,144.18,370101,shmb,C,2023-08-02,[],0,0,buy,A+,,14.196,26.364,24.2,buy,2029-07-06,2.767,6.662,6380.36,13765.24,7.21,-4.15,,0,14:59:54,00,Y,N,1,1,Y,转股价下修1次，成功下修1次,2024-01-12 开始转股,计算使用2.8年期 评级为A+ 债参考YTM：4.4306,N,6.9,全价：133.001 最后更新：14:59:54,,,,0,[],0,0,N,,,buy,144.181
113681,镇洋转债,zyzz,136.479,0.39,603213,镇洋发展,zyfz,13.87,0.87,3.32,10.95,126.67,0,7.75,144.23,220202,shmb,C,2024-01-17,[],0,0,buy,AA-,,7.665,14.235,8.9,buy,2029-12-29,3.249,5.476,2971.5,2344.87,3.98,-4.13,,0,14:59:20,00,Y,N,0,0,Y,,2024-07-05 开始转股,计算使用3.3年期 评级为AA- 债参考YTM：2.1659,N,6.6,全价：136.479 最后更新：14:59:20,,,,0,[],0,0,N,,,buy,144.229
113686,泰瑞转债,trzz,147.116,-4.13,603289,泰瑞机器,trjq,11.04,-2.82,2.22,8.0,138.0,0,6.61,153.73,640209,shmb,C,2024-07-24,[],0,0,buy,AA-,,5.6,10.4,10.4,buy,2030-07-02,3.756,3.363,9503.57,10213.24,18.9,-5.48,,0,14:59:59,00,Y,N,0,0,Y,,2025-01-08 开始转股,计算使用3.8年期 评级为AA- 债参考YTM：2.2077,N,3.378,全价：147.116 最后更新：14:59:59,,,,0,[],0,0,N,,,buy,153.72600000000003
123207,冠中转债,gzzz,181.958,-1.11,300948,冠中生态,gzst,17.77,-0.5,2.91,10.44,170.21,0,6.9,188.86,620307,szcy,C,2023-08-09,[],0,0,buy,A-,,7.308,13.572,5.3,buy,2029-07-21,2.808,1.455,7544.22,3896.43,28.16,-14.24,,0,15:34:21,00,Y,N,1,1,Y,转股价下修1次，成功下修1次,2024-01-29 开始转股,计算使用2.9年期 评级为A- 债参考YTM：9.1509,N,4.0,全价：181.958 最后更新：15:34:21,,,,0,{'M': ''},0,0,N,,,buy,188.858
110077,洪城转债,hczz,199.778,0.72,600461,洪城环境,hchj,8.81,0.92,1.16,4.41,199.77,0,0.0,199.78,760102,shmb,C,2020-12-17,[],0,0,buy,AA+,,3.087,5.733,4.2,buy,2026-11-20,0.14,4.907,4336.83,6325.43,4.43,-328.02,,0,14:59:50,00,Y,N,0,0,Y,,2021-05-26 开始转股,计算使用0.2年期 评级为AA+ 债参考YTM：1.4654,N,18.0,全价：199.778 最后更新：14:59:50,,,,1,"{'G': '本次（2026年7月12日至2026年7月31日）不提前赎回，至到期日止均不行使提前赎回权利', 'M': ''}",0,0,N,,,buy,199.778
123243,严牌转债,ypzz,251.0,-5.75,301081,严牌股份,ypgf,17.67,-5.91,3.61,7.22,244.74,0,2.56,253.56,760201,szcy,C,2024-07-26,[],0,0,buy,A+,,5.054,9.386,6.4,buy,2030-07-10,3.778,2.558,74633.66,21206.74,113.92,-18.29,,0,15:34:36,00,Y,N,0,0,Y,,2025-01-16 开始转股,计算使用3.8年期 评级为A+ 债参考YTM：4.5653,N,4.679,全价：251.000 最后更新：15:34:36,,,,0,"{'G': '本次（2026年8月27日至2026年9月16日）不提前赎回，以2026年12月16日后的首个交易日重新计算', 'M': ''}",0,0,N,,,buy,253.56
118058,微导转债,wdzz,319.526,-6.75,688147,微导纳米,wdnm,101.41,-5.22,15.22,33.29,304.63,0,4.89,324.42,630505,shkc,C,2025-08-27,[],0,0,buy,AA,,23.303,43.277,2.5,buy,2031-08-06,4.852,11.697,93876.97,69704.33,24.05,-19.36,,0,15:00:00,00,Y,N,0,0,Y,,2026-02-12 开始转股,计算使用4.9年期 评级为AA 债参考YTM：1.8030,N,11.7,全价：319.526 最后更新：15:00:00,,,,0,{'M': ''},0,0,N,,,buy,324.416
123245,集智转债,jzzz,353.454,-4.73,300553,集智股份,jzgf,56.35,-5.37,7.4,18.06,312.02,0,13.28,366.73,640107,szcy,C,2024-08-28,[],0,0,buy,A,,12.642,23.478,3.2,buy,2030-08-14,3.874,1.537,37470.45,22090.27,67.49,-24.64,,0,15:34:24,00,Y,N,0,0,Y,,2025-02-20 开始转股,计算使用3.9年期 评级为A 债参考YTM：6.9249,N,2.546,全价：353.454 最后更新：15:34:24,,,,0,[],0,0,N,,,buy,366.734
113615,金诚转债,jczz,701.844,1.07,603979,金诚信,jcx,72.28,-0.1,3.64,11.12,650.0,0,7.98,709.82,240302,shmb,C,2021-01-14,[],0,0,buy,AA,,7.784,14.456,1.1,buy,2026-12-23,0.23,4.958,20276.21,20548.04,5.84,-369.58,,0,14:59:59,00,Y,N,0,0,Y,,2021-06-29 开始转股,计算使用0.3年期 评级为AA 债参考YTM：1.4781,N,10.0,全价：701.844 最后更新：14:59:59,,,,1,"{'G': '本次（2025年10月10日至2025年10月30日）不提前赎回，至2026年12月22日到期均不提前赎回', 'M': ''}",0,0,N,,,buy,709.8240000000001
